{"train": {"epoch 0": 5.139379978179932, "epoch 1": 6.759217023849487, "epoch 2": 7.4250664710998535, "epoch 3": 6.595659255981445, "epoch 4": 5.359516382217407, "epoch 5": 5.2866370677948, "epoch 6": 6.233838081359863, "epoch 7": 5.507583856582642, "epoch 8": 5.523120641708374, "epoch 9": 5.82706618309021, "epoch 10": 6.52975058555603, "epoch 11": 6.475576639175415, "epoch 12": 6.341064691543579, "epoch 13": 5.567220449447632, "epoch 14": 5.772127151489258, "epoch 15": 6.193626403808594, "epoch 16": 5.6286301612854, "epoch 17": 5.515053033828735, "epoch 18": 6.052668333053589, "epoch 19": 4.709535121917725, "epoch 20": 5.412181377410889, "epoch 21": 6.3986992835998535, "epoch 22": 5.027436017990112, "epoch 23": 4.744518756866455, "epoch 24": 4.661170959472656, "epoch 25": 4.669731855392456, "epoch 26": 4.979368448257446, "epoch 27": 5.308125972747803, "epoch 28": 4.66887640953064, "epoch 29": 4.334015130996704, "epoch 30": 4.329009294509888, "epoch 31": 4.370738506317139, "epoch 32": 4.426501035690308, "epoch 33": 4.389895915985107, "epoch 34": 4.243460655212402, "epoch 35": 4.566850662231445, "epoch 36": 4.389001369476318, "epoch 37": 4.2408740520477295, "epoch 38": 4.235852479934692, "epoch 39": 4.207919120788574, "epoch 40": 4.474363088607788, "epoch 41": 4.304609537124634, "epoch 42": 4.221282482147217, "epoch 43": 4.516371488571167, "epoch 44": 4.399095773696899, "epoch 45": 4.48100471496582, "epoch 46": 5.279659032821655, "epoch 47": 4.7987940311431885, "epoch 48": 5.043426990509033, "epoch 49": 4.438517093658447}, "run": {"run 0": [273.38712644577026, 73.67189455032349], "run 1": [279.8837516307831, 90.65144491195679]}}