{"train": {"epoch 0": 69.58496904373169, "epoch 1": 53.81820631027222, "epoch 2": 51.82116079330444, "epoch 3": 53.87382674217224, "epoch 4": 55.71482968330383, "epoch 5": 53.74314498901367, "epoch 6": 51.50131130218506, "epoch 7": 52.797789096832275, "epoch 8": 52.088791370391846, "epoch 9": 55.09610891342163, "epoch 10": 52.86907720565796, "epoch 11": 54.68005084991455, "epoch 12": 59.68445611000061, "epoch 13": 53.80883073806763, "epoch 14": 57.544870376586914, "epoch 15": 59.03346300125122, "epoch 16": 62.92985010147095, "epoch 17": 68.80815315246582, "epoch 18": 57.350592374801636, "epoch 19": 57.36283993721008, "epoch 20": 52.24989366531372, "epoch 21": 56.102556467056274, "epoch 22": 60.123197078704834, "epoch 23": 56.542248249053955, "epoch 24": 53.67297029495239, "epoch 25": 60.166810750961304, "epoch 26": 55.16905927658081, "epoch 27": 54.155166149139404, "epoch 28": 51.872533321380615, "epoch 29": 54.96816396713257, "epoch 30": 52.96975803375244, "epoch 31": 53.61303234100342, "epoch 32": 55.124330043792725, "epoch 33": 51.00420618057251, "epoch 34": 52.01385498046875, "epoch 35": 56.34342360496521, "epoch 36": 60.5491886138916, "epoch 37": 51.55650544166565, "epoch 38": 50.64966034889221, "epoch 39": 53.353899240493774, "epoch 40": 51.62965250015259, "epoch 41": 51.487099409103394, "epoch 42": 53.05868721008301, "epoch 43": 63.56306791305542, "epoch 44": 2210.0391252040863, "epoch 45": 135.55528616905212, "epoch 46": 102.22966933250427, "epoch 47": 94.24741840362549, "epoch 48": 71.16521072387695, "epoch 49": 68.93922257423401}, "run": {"run 0": [3101.078159093857, 846.1308960914612], "run 1": [5331.036340475082, 1182.5929839611053]}}