{"train": {"epoch 0": 10.349349021911621, "epoch 1": 19.240774631500244, "epoch 2": 18.229647636413574, "epoch 3": 14.796102046966553, "epoch 4": 10.877773761749268, "epoch 5": 9.68643593788147, "epoch 6": 9.527150392532349, "epoch 7": 11.427347421646118, "epoch 8": 10.37083649635315, "epoch 9": 9.354247570037842, "epoch 10": 8.981314659118652, "epoch 11": 7.979677438735962, "epoch 12": 10.593644857406616, "epoch 13": 8.681447982788086, "epoch 14": 8.034961938858032, "epoch 15": 8.441905975341797, "epoch 16": 8.804687976837158, "epoch 17": 9.661633968353271, "epoch 18": 8.29911994934082, "epoch 19": 9.398704051971436, "epoch 20": 12.487514734268188, "epoch 21": 9.747589826583862, "epoch 22": 8.565369367599487, "epoch 23": 7.4212775230407715, "epoch 24": 7.927901983261108, "epoch 25": 7.86659574508667, "epoch 26": 8.701719760894775, "epoch 27": 9.43800139427185, "epoch 28": 8.752970933914185, "epoch 29": 9.236347198486328, "epoch 30": 8.443432807922363, "epoch 31": 9.175567626953125, "epoch 32": 10.638380765914917, "epoch 33": 11.418107986450195, "epoch 34": 9.822514533996582, "epoch 35": 10.073834419250488, "epoch 36": 11.11190390586853, "epoch 37": 10.682816505432129, "epoch 38": 9.988078594207764, "epoch 39": 8.984171628952026, "epoch 40": 11.533248662948608, "epoch 41": 9.928629636764526, "epoch 42": 9.364135503768921, "epoch 43": 10.002097129821777, "epoch 44": 12.001229763031006, "epoch 45": 9.436875104904175, "epoch 46": 11.63304853439331, "epoch 47": 10.926676034927368, "epoch 48": 9.218200206756592, "epoch 49": 8.077282905578613}, "run": {"run 0": [735.4943873882294, 157.99286079406738], "run 1": [544.7077031135559, 144.46761417388916]}}